GSTIN,IsBogus
0010215452,0
0038162EB9,0
004F894AEC,0
005A8D5BC6,0
007011E20F,0
008A55CB81,0
00CEF8B300,0
00E0B5F05A,0
00E35A0C7E,0
00FD48DFA3,1
011BB735F3,0
012D81BCF9,0
015211A37C,0
016856D1C9,0
017713A1B5,1
017D103D88,0
0188096563,0
01A56D8DB4,0
01C16CEDCE,0
01C4DAAC82,0
01CAF39BD1,0
01DC198CB1,0
01E1C43D5A,0
01E656620D,0
02122022F3,0
0219E63678,0
02469A33E0,0
02519B1049,0
0261219975,0
026AFB2397,0
026E60DBBF,0
0272538CCA,0
028C0EE960,0
02A222A2F3,0
02AB14BBCA,0
02B1FFD997,0
02BBF24E95,0
02BC32C041,0
02F3848640,0
02FBCA51C2,0
02FC8C072E,0
031B1C71DC,1
031D5D2B7D,0
0321F0706E,0
0335D9F1AE,0
033649E434,0
033E02B848,1
0355F5B466,0
0379FAAB49,0
038C888B45,0
039233C28C,0
0398746BF4,1
03A96862BF,0
03B8483D34,0
03D35CC562,0
03D4B891CE,0
03E6282F7A,0
03F3AAF37F,0
03F7521481,0
040FC1A47C,0
04499E4BBF,0
044D197548,0
0460596CD9,0
0487358EDF,0
049F644063,0
049F8080FA,0
04C012D0EA,0
04DAE0BE35,0
04E3F42E99,0
04E8280FD2,1
04EDDE2761,0
0513188315,0
051D4AF4DC,0
05A220CFEB,0
05A6C78E45,0
05EE3FE765,0
05FC0D8F6F,0
0625801E7D,0
0630CFAAAA,0
064C48CE88,0
06601B81AC,0
06763B4F36,0
06E607E106,0
06F3C6EEC9,0
06F42A8D84,0
06FC27CD56,0
06FCE8E291,0
0706A88AA2,0
070C1208F1,1
070F3B7DC5,0
072A35DD88,0
076A95B7A3,0
079A337A82,0
07CB70A4D7,0
07D873CCC3,0
07DF9A0FE8,0
07EE2915A6,0
080ED1ADC2,0
083B47E7EF,0
084403FECE,0
085FC89B5E,0
0865F763B4,0
08778C679B,0
089342490D,0
08B46DB971,0
08C5711378,0
08D8F2D5B1,0
08DF74DFBE,0
08E13A932F,0
08E15BA3B3,0
09293E4CFF,0
093C2E1B5D,0
0954D134F3,0
095746BD69,0
095E233CB2,0
095E6323DD,0
0965B828EA,0
0966E71FAB,1
097923207D,0
099952F740,0
099952F740,0
09B53F2D75,1
09B8B9C719,0
09D4716532,1
09DF8B64D9,0
0A1A446F29,0
0A86E60DE5,1
0A9180C890,0
0A97CB6ED5,0
0AA1A48694,0
0ACBE79DB4,0
0B1F7470CA,0
0B1F7470CA,0
0B2CA07948,0
0B3D8AB3C5,0
0B4FB6D7A7,0
0B841569C0,0
0B97F39768,0
0BA15201F4,1
0BAB0D28A1,0
0BB1782A60,0
0C16D024EB,0
0C2028044A,0
0C3B6234CE,0
0C6734A44D,0
0C7805209F,0
0CC0F53334,0
0CC8A9FCDF,0
0CE483C5D9,0
0D01F8FAFC,1
0D1EA8B420,0
0D28E49D33,0
0D421CDAFA,0
0D46BA7214,1
0D4F874F57,0
0D6F910797,0
0D7E65824E,0
0E021D32E9,0
0E19DAAFFC,0
0E3CCA6E64,0
0E56625E29,0
0E83A52B50,0
0E934F82F6,0
0E973FFCEF,0
0E9DC1A109,0
0EA0B5F22A,0
0EA451E8FD,0
0EB17BB181,0
0EF31BB7D6,0
0EFCD4F272,0
0F08B6DF08,0
0F08B6DF08,0
0F121D3705,0
0F13566874,0
0F1D9E72CB,0
0F320F7BAF,0
0F3870BFE1,0
0F3B5FF382,0
0F40479281,0
0F41CA5E3A,0
0F4542DF45,0
0F4FBD111B,0
0F6A8A918B,0
0F7D7CD530,0
0FAE26F3AB,0
0FAFB34047,0
0FB9576CD9,0
0FC543E29C,0
0FC913920F,0
0FE08B5057,1
0FF6759AB7,0
0FF6759AB7,0
10275A0C7A,0
10547B6F54,0
109A545193,0
10AD247736,0
10AEA3133E,0
10C1556A7C,0
10D6D14F0A,0
10E5089726,1
10E7C2C841,0
10F02B9390,0
10F1534B05,0
10F39EBDD1,0
10FB076147,0
112CC30320,0
11425DD429,0
115883D238,0
1164C6C4C2,0
11884E1CD9,0
11CC8CD6C8,0
11CD728F41,0
11CF1F4326,0
11D87D3B83,1
11DB0A0D24,0
11EA7E8140,0
11EB1F03DB,1
11FFBE9FF8,0
121CB77399,0
12347AD2B7,0
12383AF485,0
12528C40DC,0
1255DE5F46,0
126885DC21,1
12981300AE,0
129CD34044,0
129DA13FC3,0
12AEE29D46,0
12B9748A72,0
12D20C4E69,0
12D70FC2D9,0
12F09A6D91,0
12F147A790,0
12FD60F30C,0
1308D15DFF,0
130BD07579,0
1311D0C42C,0
133048A1BD,0
134E28AEBD,0
13694CA52C,0
136A2AE14F,0
138035548A,0
1380DB2A1D,0
13A07BB024,0
13B59F2BFC,1
13C565ED84,0
13CC2986CC,0
13D27E430E,0
13E25638C7,0
13E4BAC00A,0
14103D2F2B,0
1415E8E5AE,0
142471DABA,0
144C638380,0
145123EC13,0
14660C13B7,0
1480269030,0
1496C65F8A,0
1515CFF84B,0
1532350261,0
1546400991,0
15567227F9,0
159ABD54B2,0
159AC7E231,0
15BAC3270E,0
15D84B2F1F,0
15DBF34BD4,0
15E6C6B203,0
164C076FFF,0
166DBDA68F,1
16C4D322B2,1
16C6087C2C,0
16D676E027,0
16E9A86D75,0
1709F21826,0
171A1C9CBA,0
171ABCA089,0
17630149E1,1
17687CFE40,0
1768910F45,1
1771D09B8C,0
17761EB6DC,1
178EF6483E,1
17A0995F53,0
17AB5BE62F,0
17B31DD73E,0
17B935A796,0
17C3F6F5B5,0
17F9A34670,0
180A8C8B79,1
1856589401,0
1865CCB614,0
189B129D77,0
18ADF68615,0
18FA977FF1,0
18FC5D67B7,0
18FF22D9AA,0
190042D069,0
1900BE33A9,0
191FFC6598,0
192772DC5D,0
196224693A,1
1964B856CA,0
19991C557A,0
19B3CF232E,0
19BCC19949,0
19C3900641,0
19D2F21A61,0
19D5343219,0
19DDE6289E,0
19E2D454C1,0
1A2BE469B3,1
1A44DC4A61,0
1A86D0ABAB,0
1AAC96E258,0
1AB077F66C,1
1ABD7D3B56,0
1ACB6D2C1C,0
1ACC315CEE,0
1AD3C69CF0,0
1ADBAD266D,0
1ADD59EF12,1
1ADF9523B5,1
1B138F42D5,0
1B3976F822,0
1B430C667D,0
1B489BA521,0
1B6B55C913,0
1B70C1B3F2,
1B82BF8271,0
1B9EA9767C,0
1BB6F44829,0
1BB8F8B654,0
1BF59B5A18,0
1C28758304,0
1C2DEE5DB1,0
1C42EC4C07,0
1C5527AF1B,0
1C5A59CD0D,0
1C5D0BEAC6,0
1C7ABF6ED9,0
1C8E655C92,0
1C8F378721,0
1CAF12526E,0
1CC0FD6BDC,0
1CD7B0912F,0
1CDEB25277,0
1CEC473E45,0
1CFC7DACC7,0
1D027E6F5D,1
1D084B5678,0
1D201CE3F0,0
1D8906208A,0
1D916FB203,0
1D93F81CDE,0
1DB00607CD,0
1DB0D61319,0
1DC431A702,0
1DC50AD11D,0
1DC5C13603,0
1DD418BBAA,1
1DD94B569C,1
1E0E7717F0,0
1E11FB3BEE,0
1E18E2F600,0
1E216C262D,1
1E4271467C,0
1E475E40C7,0
1E5D40C2E2,1
1EA7E2E39B,0
1EAE1F8E36,0
1EB31E5B42,1
1EB71AB01A,0
1EBE4C881E,0
1ED5D7AFB0,0
1EDCACB4DB,1
1EE91C5012,1
1F0EAE3880,0
1F24DF45D7,0
1F2D7103E1,0
1F5FD00910,0
1F72A18749,0
1F99A37A1A,0
1F9D2A43B1,0
1FC94C44C3,0
1FFBC2BA0B,0
200872FA6E,0
201953B7E3,0
20406338F1,0
2048B285D1,0
206720475F,0
207DC2BF24,0
2084A78778,0
20A65D6EF4,0
20CCA5CA31,0
20DB27A399,0
20DE15E7A5,0
20DFD234DA,0
21086356C2,0
2116F0C5F6,1
212A38AEC8,0
213EE7F603,0
2190D1AD2E,0
21A3803A44,0
21B36836A6,0
21B81FFBBB,0
21C4BA6F0E,0
21D79BDA25,0
21E692887D,0
221E936588,0
223E601280,1
2242D4F292,0
225DBB2A7C,0
226F6EB7F1,1
227A781ECA,0
2284A7FA27,1
22B3320234,0
22C6AA23CD,1
22CEF6DCE8,
22F0891099,1
23246C4FBA,0
233CF82BBA,0
23473A935F,0
2347FC2B5C,0
237321BFC6,0
23819B9690,1
239D85D3BD,0
23BA944F78,0
23CBCDE25F,0
23ECA2EFE6,0
23EEC386E6,0
242328E36D,0
24237BEFCF,0
2452B0EDE2,0
246416B793,0
248CC1F71A,0
24D0374975,0
24D9D241AC,0
251A4D8BF1,0
251B1D593C,0
25494F79FA,0
2551DB14E4,0
25668A92D8,0
2567E1ED20,0
2588C207C5,0
259A6A0417,0
25C23A8779,0
25F4BAAEEB,1
2608F7D89C,0
260A71D549,0
2612D7D192,0
2614471E6B,1
262EA86704,0
2630BBD176,0
265A099376,0
2689110584,0
269B9C12F7,0
26A1AF4A9F,0
26A8587EC9,0
26D1F9A303,0
26D2F2852C,0
26E872668D,0
2725743C87,0
272E76D44C,0
2734806D77,0
275AA6A3CE,0
276A60F694,0
277CCA9B6E,0
27817E3875,0
278DAFE14A,0
2791582A95,1
27B8F4C199,0
27D2A9B27E,0
27D4342534,0
27E828EE73,0
280EA2C259,0
281F1B9397,0
2821B64990,0
2860B692E8,0
286AD49EAF,0
288745065D,0
28951037B7,1
28C66C2718,0
28DD1D71D1,0
28EF635708,0
28F03F83C1,0
290B5674D8,0
290EAEC9E2,0
29341A7EC0,0
294205D6E0,1
2943E2D2BB,0
295E23C284,0
29733605A1,0
2994A73897,0
29A1A82725,0
29B3A4BE3C,0
29B5B94A6F,1
29C4070AA0,0
29F1410766,0
29F8D46E69,0
29FA34B6BD,0
2A19903EC9,0
2A1B9305C9,0
2A1DD52E7F,1
2A1F4CDE40,0
2A22C670C5,0
2A295CDCF9,1
2A382B95A8,0
2A534089BF,1
2A588305F4,0
2A6219DD41,0
2A6BBFA6B8,0
2A745783DA,0
2A879F52B6,0
2AA532CF74,0
2AAEAA904C,0
2AB36241D1,0
2ABC13B202,0
2AC6216899,0
2AD4E95A2E,0
2ADEFF773D,0
2AEAF1C978,0
2AEBC1EFA9,0
2B065E84B6,0
2B1F804D68,0
2B2064FACB,0
2B34DBB20F,0
2B5E386021,0
2B84206666,0
2B8494EEE3,0
2B92A62F6D,1
2BBB4AE99C,0
2BCCE05A8C,1
2BDCB6B4F5,0
2BDFF51FB7,0
2BE41676F3,0
2BEBC3FD35,0
2BF2EB526F,1
2C0C447069,0
2C264B2422,0
2C55402F83,0
2C7368EBC5,0
2C7DFDDCA4,0
2C7E3156DD,0
2C94290125,1
2CE8E0F777,0
2D2D0895D2,0
2D2E2716BD,0
2D39310F9D,0
2D3ADA2056,0
2D3EAC4586,0
2D412F3463,0
2D6E12ED5C,0
2D9C0E0494,0
2DCA4E61B2,1
2DDB2244F8,0
2DDCE68E53,0
2DE53E11C8,0
2E112593CC,0
2E27E43045,0
2E3BE8432E,1
2E8845637A,0
2EC7D50EBC,1
2ED0436499,0
2EDBF31707,0
2FA3147D01,0
2FC2670380,0
2FC92803B4,0
2FE67CF84B,0
30118D3FEA,0
3014FE4FD3,0
303BE12360,0
3043B37372,0
30774BE807,1
30856128D6,0
30868A6388,0
309461C7FA,0
30AB339E0F,1
30AC11C10B,0
30DDB99104,1
3123413C6B,0
3151C6F8EF,0
316980C073,0
3174102970,0
3176392C8E,0
3193CF870E,0
31E7F5DDCC,0
31F0A08BC0,0
31F47B7346,0
32169FE069,0
32378DEA95,0
3239FD018D,0
325EDDD715,0
326B1453B5,0
327CD7EC90,0
32810AFA1D,0
3283163836,1
329700F9C9,0
32A5715B1B,0
32A6DD7BA4,0
32ACA8F293,0
32B7903A82,0
32DCBEFF52,0
32E721A1A6,0
32EC7AD281,0
3335E00EDA,0
339FF59FF6,0
33A5006A93,0
33AE0B7AC9,0
33D6A5E8AF,0
33DCC0CFE2,0
33DD6D77CD,1
33DE87467E,0
340E59D5C3,0
342C35FFBB,1
3463CC5235,0
3464BFC0EB,0
3467FDFFA2,0
347D746C11,0
349CC9077F,0
34C2901C36,0
3503124297,0
3511D98E5C,0
35243E5055,0
353655018D,0
3536A3DD25,0
3536A3DD25,0
3543BE4C01,1
35595B66EB,0
35595B66EB,0
35693075F1,0
356E93FF8C,0
3583757D58,0
3583C5D44F,0
358C580C68,1
359B290444,0
35C9747545,0
35CD6D9E3C,0
35D03F0135,0
35D9FD7535,1
360E130121,0
361F1342DD,0
3634A23015,0
3649B56C07,0
364A280ADE,0
36523C0595,0
365D48DCAE,0
3681334072,0
36C3806FBE,1
36DB0ABC9A,0
36E532BAF3,0
36FD585E7D,0
3721D91AD2,0
3731C1C2E5,0
374DCCBC75,0
374F793D53,0
37626EC80E,0
37BC9DE30D,0
37D2B25788,1
37ED970705,0
37F30BF3A8,1
3800513BB1,0
382157C415,0
382B22275F,0
382B4476EB,0
384878CE82,0
38490205CD,0
387578B7F6,1
388BE0B69C,0
389C2E52A3,0
38A02FA53A,0
38CA8C4D71,0
38D9A30124,0
38F0C6AE2E,0
3969A8EC62,0
398468CEB0,0
398C7082EB,0
39AA23BD42,0
39AE092F9E,0
39B0C7E7D9,0
39C796600B,1
39CBE490DA,0
39FD4B979E,0
3A0C9AA245,0
3A1DB5CAC6,0
3A231AF03F,0
3A24882CD2,0
3A95F2C56E,0
3A9990694F,0
3AB2EC69A1,0
3ADA3FBBB4,0
3AFF8289EC,1
3B38757815,1
3B3A66DDBC,0
3B45F32F2B,0
3B485CC84E,0
3B4B7FF751,1
3B5AB87221,0
3B6E8CF9A9,0
3B77A070BB,0
3B842BC3B1,0
3B93E48573,0
3BA0819F60,0
3BC7F350C0,0
3BCE8AAB36,0
3BE43D153C,0
3BEF7384F9,0
3C2D2A7F6F,0
3C5CCC186C,0
3C5D01279F,0
3C6F5120FF,1
3C763FDF28,0
3C7EA73ADB,0
3C8D9FFDD8,0
3C926EAC5E,0
3C9785AF93,0
3C9D7985F6,0
3CC734E3DE,0
3CC7872ECA,0
3CDC11F975,0
3CFC218C41,0
3D05426DAB,0
3D09D74FB1,0
3D32927D57,0
3DA2EFD8D8,1
3DA477F9E6,0
3DB9021CF1,0
3DCB4A6D02,0
3DCE07FA76,0
3DD3D3AE2C,0
3DD3E45DA4,0
3DD589FCB3,0
3DE714CBC2,0
3DE967C570,1
3E0B13F5DF,1
3E0E2181F4,0
3E1678B062,0
3E38945CCF,0
3E54CC6AF9,0
3E6C4E0A1F,0
3EBACD6C3D,0
3EC1CF2726,0
3ED20EA789,0
3EDC42F350,0
3EFB139BEA,0
3F0BBB4B36,0
3F0CC84F90,0
3F2215A454,0
3F299D8295,0
3F47A095D7,0
3F56DB3FF6,0
3F61C15E6E,0
3F62352779,0
3F832CE524,0
3F8E60B4C5,0
3F9F1F0DFF,1
3FA92A70F9,0
3FADD8BB1E,0
3FC50D7210,1
3FD3824118,0
3FE8D907FD,0
3FE92DA082,1
3FEA3EF660,0
3FFAAD63F0,1
4008C5D344,0
405FF76E78,0
4065E70B11,0
4066977727,0
40810E2A89,0
408A0B120B,0
409258FD0B,0
40965D63FF,0
40BBB1CC88,0
40C2156D88,1
40CD06909C,0
40D7D4805F,0
40EC92E469,0
40F5440BB4,1
410127754A,0
41022A8C78,0
41074F3B58,0
410F3E3622,0
4114B8876F,0
4168D5F916,0
4173DE9A5F,0
41835AD7E9,0
418E3CFC45,0
419216E829,0
41A0BEC67D,1
41AFB89AAB,0
41B2157E22,1
41DC57363C,0
41E4E3DFFA,0
41F3BC2A95,0
4246D1ABC7,0
42514E1B71,0
42564809F4,0
426B731AB3,0
428108FC9F,0
429670B893,0
42AA5F449E,0
430171AB41,0
43212548D6,0
437084A8FB,0
438CCB4C92,1
438D8E48D6,0
438FC1A69C,0
43A45D0B45,0
43B1E6C02D,0
43BF6B8797,0
43F13EA02C,0
43F7192CAA,0
441FEBA788,0
4424B09892,0
44488227D3,0
446822C03B,0
44747F066A,0
447850105E,0
447EEFA93F,0
4488CF376B,0
44955C5FAF,0
44C4210B8E,1
44C76EE8DC,1
44CBF774B2,0
452E81814E,0
4559B3F23D,1
45646860D7,0
456655D197,0
45715DD460,0
4584EDA11D,1
458E0DD7DE,0
45B61EA6AC,0
45B659D5FE,0
45BA648575,0
4623D033C0,1
4627640498,1
4628CF7B14,1
462AD32C9A,0
46407C0683,0
465BF4AE95,0
465E86E2F6,0
4667164632,0
46B3E2A092,0
46B6261B27,0
47074418A9,0
470CD7620A,0
471900C87C,0
472E8627D3,0
47488666C1,0
475841B472,0
47823CFC87,1
4792F3B1FC,0
4797C6B974,0
47994A1779,0
47B04F3ADC,0
47B312026B,0
47B77401A4,0
47BA78C1C8,0
47CB5762B6,0
47D5B476D8,0
47D86623D5,0
47DB480661,0
48145D1211,0
482C670D25,1
4839900B7A,0
48507D8047,0
485C3E3BD0,0
486E55C6E2,0
488245A943,1
48880B72AF,0
488B29F5C4,0
489BDF2E8E,0
489F266CCB,0
48A74998F8,0
48B55849A5,0
48BE3A00A8,0
48E10F7E75,0
48E61105B6,0
48EEC10ECF,0
48F5207202,0
4920CFCF5C,0
493DBFEF41,0
494B478A90,0
49519F6589,0
4954D8982D,0
49599D9ACB,0
4964A5EF57,0
497A29F4C0,0
497A3DABE0,0
497EA4AEC1,0
49BAE3E477,0
49BC5165EF,0
49D058A6EC,0
49EE49A118,0
49F2D23E83,0
49FE345851,0
4A0811543A,1
4A3138D8D6,0
4A323A5F04,0
4A3F4E4B9C,0
4A48B17D5D,0
4A60458A6F,0
4A6A3630E9,0
4A82E87CD5,0
4A91C664CF,0
4A9F4D7E0F,0
4AA4A251C3,1
4AF60341DB,0
4B12ACD71B,0
4B57D7689F,0
4B99B9F717,0
4BAAF120C8,0
4BC8DBD9E0,0
4BD4B1EDEA,0
4BE84E660A,0
4C02FDBAC5,0
4C1B6D53D5,0
4C2BF3DC3E,0
4C47F9BE62,0
4C65A0179D,0
4C9C1254D6,0
4CCBA8A431,0
4CDEC148D9,0
4CEC901738,0
4CF89D06BE,0
4CFA64590F,1
4D0958D30E,0
4D098A8B35,0
4D1FDCBB7C,0
4D26301516,0
4D2EAEF14A,0
4D5AB4897B,0
4D7C1CC30C,0
4D7C4B21A9,0
4D86D57493,0
4D9FF79977,0
4DA5C2B475,0
4DA6AD039E,0
4DA6C87B54,0
4DC9DDB250,0
4E04E157BB,0
4E09A80D37,0
4E1FBB36F2,0
4E265C816D,0
4E43EF35DE,1
4E5AC09ACD,0
4E78779898,0
4E84D18151,0
4E9D44D6E9,0
4EA1901EC0,0
4EAE35B3CF,0
4EB3641FC2,0
4EEAFFD68D,0
4EF3A1C979,0
4F0DFE8B64,0
4F32C69000,0
4F5ACCD418,0
4F5D4F2395,0
4F8618F639,0
4FBD56D69D,0
4FD068D870,0
4FEACA08E1,0
5035CA8C94,0
503B6AAC7D,0
505795A04C,1
506D9447B5,0
507FDBAC1E,0
50934EA8B2,1
509BDC74B2,0
50A5472B7E,0
50AC902AFA,0
50C790287F,0
50CC6F33D6,0
50E88B26AE,0
50FCD41291,0
514BBEED72,0
515A1CE8EE,0
515D10E17B,0
518958A2B2,0
519EBEEF79,0
51C834C723,0
51D407D22D,0
51F649B3D4,1
51F8FD4B11,0
522FF59092,0
5244C54D08,0
524D32CE12,0
526E86C528,0
529538F49A,0
52A03CB725,0
52ABF1AC90,0
52AF782675,0
52D8645121,0
52F9036816,0
53192BE1AC,0
5344283D9E,0
535560F212,0
53611FD716,0
5384006339,0
53893AC503,0
53A06DAB56,0
53A820D597,1
53D667A836,0
53D86F4E3A,0
541A61A606,0
545A1BFBBD,0
547EAF79FA,1
548E082E60,0
548EF681A3,0
549BBF1687,0
54A0DABB63,0
54BAACA1BE,0
54C5E0676F,0
551DD20BC5,0
5534036C79,0
55346000D1,0
553E7B143A,0
5541305AD9,0
5565D3A0E4,0
5578E38294,0
557F611938,0
5583DF2BB7,0
559B9092F9,0
55A0A79C6E,0
55F6ED714A,0
5601FFF625,0
561B92AD71,0
563713F028,0
56930E6B7A,0
56B36EFFFF,1
56C2092578,0
56C6CF52B1,0
56F1A4AFFC,0
571FE7DD08,0
57266887F0,0
5746278CC6,0
574CD80A41,0
5759768EDC,0
577B54054D,0
577FBDA599,0
57A3415C9D,0
57D40489C6,1
57E2CC7F5D,0
57EB146356,1
57F4AEB82D,0
57FD5D44E9,0
5811FE03E6,0
581C17EEB8,0
581CB23F5C,0
582806CDC2,0
582D4C3DBE,1
5834C7F8BE,0
5846AEBDE9,0
584F84C3E7,0
5850E148FF,0
585FE8854C,0
5860A9200B,0
586191974E,0
5887B3BF76,0
588F91D2B3,0
589A787A89,0
58BDFF98F5,0
58C8D9847A,0
58F37B8203,0
58FBA3BCE9,0
59014E472D,0
590C57EAE3,0
5924CA0C75,0
599E3FE605,0
59A3B2F663,0
59BB0626A5,0
59CAF78108,0
59CE30BE55,0
59DFA2D0B7,0
59EEAF38D4,0
5A0A77B04E,0
5A10897A9A,0
5A4FC8F226,0
5A71E0CAD1,0
5A75949EB6,0
5A875B8677,1
5A967ABF08,1
5A9F49BA2E,1
5AB0856334,0
5AD79D5AEA,0
5B04E0CCE1,0
5B09FA7004,0
5B4384292C,0
5B4D531AD9,0
5B4E610D86,0
5B6249A8AE,0
5B749D4B24,0
5B7833FBDE,0
5B839BCC4E,1
5B96FFE767,0
5BB51F1DD3,0
5BD41B1797,0
5BE2019478,0
5BE3D3B917,0
5BF1AC8029,0
5BF81610E0,0
5C17F8E383,0
5C2F3F35C1,0
5C8F8648B6,0
5C969D6AB5,0
5C9B9B1B48,0
5CC66AF59B,0
5CD1CB246F,0
5D22C8AAEE,0
5D3049722E,1
5D4E24A94B,0
5D58F216F9,0
5D7FD74523,0
5D81FE4446,0
5DA0527958,0
5DC618FDC0,0
5DE645B8A8,0
5E16405B00,0
5E29D0B6C1,0
5E2F556F6F,0
5E54A07BA1,0
5E620E95E1,0
5E6801B622,0
5E8061B828,0
5E8B0971C4,0
5EA92A28AB,0
5EC3718819,0
5EC3A1CF50,0
5EC63EC1CD,1
5ED8FFB506,0
5F1B6F28DC,0
5F4C207839,1
5F5194DD01,0
5F5E3D5D1E,0
5F9F1E15FB,0
5FAC6D6CEC,0
5FC12946E8,0
5FEC922E25,0
5FF84B2F81,0
5FFB9174DB,0
600FBB9E30,0
60133EB8FF,0
601A937008,0
601C707FE4,0
602CBB3D3B,0
603A24237C,0
6041272D3A,0
604D29C265,0
604EEDF2E1,0
605BF22002,0
606C47E5FB,0
6082A57F73,0
608E6EE3BD,1
60A9DB40DE,0
60C944E4B0,0
6121A94216,0
6146A35BF4,1
6148D59F12,0
614F7788D4,0
6163928F28,0
617194568B,0
61774AE41C,1
6179F567C1,0
6186DCE398,0
61886BF0A1,0
61B4E81966,0
61D39A3ECB,0
61E3E61CA7,0
61E589F047,0
61FF15E860,0
6219BC5040,0
622258B47E,0
622D69225D,0
6240D57123,0
6247800DBD,0
6256A7AFC9,0
62B203E729,0
62CB2D3C4D,1
62CD3BF990,0
62DA42E293,0
635574D4B7,0
63822C84F8,1
6382B7BBFE,0
638A598C2F,0
6391A8EBE9,0
63BFBDC883,0
63C2A180A1,0
63C3049E15,0
63D2D73785,0
63DC27D898,0
63E7B30EDF,0
6408E019F3,0
641F069839,0
6430624AFA,0
64458298AB,0
64469E3596,0
6453179A7B,0
645A034D4E,0
6468BF8C3D,0
6476439F20,0
648A8DD85B,0
64B9B66265,0
64DD2265B0,0
6512D391CF,0
651F3BDFF9,0
653F2ADFD4,0
655E222836,0
6569B023A3,0
656DAD630E,0
657B1CD6F6,0
6582277CE3,0
6594D7858F,0
65B11036F4,0
65B11036F4,0
65B583A09A,0
65E5F9F2DA,0
65FE142656,0
65FFDFC2FF,0
6601A09A71,0
660C75EF28,0
662E899FA5,0
664D41270A,0
664E0F0466,0
66565D9037,0
665FEDA55F,1
6670635101,0
6671312214,0
6678D9952E,0
66A1E2AC94,0
66BCD59EBB,0
66D6E58F62,0
66DE0E5379,0
670BC1AE00,0
671B5CBE19,0
673B6273D5,0
675654A19E,0
678BDE973F,1
67A03BBB52,1
67D8722BB8,0
67D990AAEB,0
680D2F985F,0
6813094D0F,0
68186AECF0,0
681EDF6063,1
683CE69FFC,0
6848FDAB92,0
68501DF177,0
6864B4F328,1
68944ACDF1,0
68BC129EBE,0
68BEECC513,1
68C8171818,0
68D0A51F38,0
68D316FF83,0
68DE39276C,0
68F634581D,0
69019E91B6,0
6905F97115,0
690D2064A8,0
6920AA6331,0
692D458454,0
693A7CDBA5,0
694337F8CC,0
69495E3634,0
694E8F81EB,0
6972933667,1
6987556774,0
698EFACB68,0
699F468EF2,0
69B8E27F98,0
69C6C3DFE5,0
69D7F222AB,0
69DB7BC23F,0
69E3FE0B8F,1
69E6177B95,0
6A1CC8CF3D,0
6A458B837A,0
6A5331058D,0
6A5AF1B7B2,0
6A6D062945,0
6A8B28A6F9,0
6A913EF0F8,0
6A96FD2B81,0
6ABA1C47AE,0
6ACCC81D8C,0
6AD36F204B,0
6AD3D491C8,0
6AFEC91EB3,0
6B0F8B30F2,0
6B2629FC1A,0
6B577967A0,0
6B6ECF8213,0
6B74A6F1FA,0
6BC39EB3AB,0
6BC81CDCA2,0
6BFB061CED,0
6C1197F1E9,0
6C38DF537E,0
6C5CD8BCC7,0
6C68EC9C21,0
6C7EB3AAF6,0
6C9DE3AB7C,0
6CAF8047CD,0
6CC2AB1A32,0
6CC7435CCD,1
6CE3AEC032,0
6D00D1EEFD,0
6D0233CA33,0
6D19D34A17,0
6D1BBA8B34,0
6D42329757,1
6D44B75C61,0
6D65903B7A,0
6D665FB4D5,0
6D93C82516,0
6D9FAAEEBE,0
6DA4825C66,0
6DC1740DAF,0
6DC703523D,0
6DD7E70640,0
6DDF330CD1,0
6DF22CFBA4,0
6E07A94D7C,0
6E12259212,0
6E1E4BACF9,0
6E6B4743D5,0
6EA43EFD15,0
6EA55BBBD2,1
6ED4B2F652,0
6EDAA32898,0
6EE9E1C62F,0
6EFA7B405D,0
6F09548C69,0
6F0EC01077,0
6F10FCFBDE,0
6F55819E9A,0
6F59EB13C1,0
6F6498758A,0
6F8241EED6,0
6F89D62255,0
6FB15BD09F,0
6FD1C5E7E7,0
6FDFFA2611,0
6FE8449522,0
6FE8449522,0
6FEB3012F1,0
7012372599,0
70180701CA,0
7039BF24FF,0
7042A23F0F,0
7045A25245,1
705284CCA2,0
705B0C9F88,0
706912A987,0
706A2E6676,0
707A61FF06,0
708304EC4B,0
70A951755A,0
70CBBB5E0B,0
70DFAE7386,0
70E27C604E,0
70F1EC9CA0,0
70FF1C00B4,0
7136B8B1A2,0
714EF1195E,0
714F6C821D,0
7152F41A12,0
716192CC3F,0
7162DB7D0F,0
71766D0A14,0
71843DDCF9,0
71967CBC98,0
71A890893A,1
71B09D8298,1
71BC03AF8D,0
71CF68AF94,0
71DFE743B5,0
71F893D940,0
71FCA7D9A7,0
71FDEF40E0,0
720E16EF33,0
7216782668,0
7230524EB9,
72506824EB,0
728A58AA39,0
728E9479B6,0
72B8A3500A,0
72D08A15B5,0
72D1BE2C0C,0
72D294BCE5,1
72DFA0B18D,0
72E36C44F2,0
731253F77D,0
7321D3C21F,0
73409A6327,1
7348E1A249,0
734907ED52,0
735CAD1827,0
7364271F94,0
73681D6774,0
7369BFCEE8,0
737E829EC3,0
738569B828,1
739D384F1C,0
73AF1A438F,0
73B9C6EACE,0
73BA7D3B92,0
73C63B854A,0
73D046461A,0
73D3658230,0
73EC4EA0AC,0
73EEF189B2,0
7408A83D3E,0
7415585761,1
743323AB7C,0
7433F02759,1
7468AAED7A,0
7483E241F0,0
748B9CE1DF,0
7499F49445,0
749BCC03F7,0
749C3A4EF4,1
74A368871F,0
74D5AC0D9F,0
74F2CE9D50,0
74F5A83887,0
7505EF1EFB,0
7505EF1EFB,0
7523FEABF1,1
7532694659,0
754E8E7810,0
7550ECB777,0
7574756348,1
75AC5BA979,0
76232B96C2,1
762365FC61,1
76280B08D3,0
7664858688,0
768F9AC487,0
7693EE7E5C,0
76960A8E4C,1
76A32FCA16,1
76B3FA91A6,0
76C9500B9A,0
76E5DFFA0C,0
76E8693729,0
7700302CFF,0
770B7E9A39,0
7713045C47,0
772771B390,0
774ADE6127,0
774CA04A9D,0
776BBCB820,0
776BBCB820,0
776BCAFB18,1
776EB59FFA,0
7781F61A28,0
778C1B2E44,0
77BB9351B6,0
77BC537A5D,1
77D6F2D855,0
77E159B9BA,0
77EFEE0639,0
77F8E5B24D,0
7801F2586C,0
781D7FA3CB,0
782B1A8B9E,0
782B7B1EFB,0
784446341A,0
7846E7EF84,0
784AC403FD,0
785C9ADF89,0
78A8EE90F6,1
78D8348A30,0
7924EF6C4A,0
792725D0AC,0
79555279E7,0
796816D097,0
7980627E69,0
799C67D0FA,0
79A83FA9EA,1
79AA2416B8,0
79B2DADFF1,1
79C105FEC2,0
79C34E829A,0
79C5A524F8,0
79C8F6316F,0
79D06279B2,0
79D06279B2,0
79DB54F671,0
79DDA367FC,
79E8703012,0
7A0EBB103E,0
7A5F91AA37,0
7A62B7BF6D,0
7A6F8DAAF6,0
7A73F93F05,0
7A85F9923F,0
7ABAFC99B5,1
7ACF589092,0
7AE3B71E88,0
7AE7D48AD6,0
7AFE4135BC,0
7B027D2B03,1
7B062648F0,0
7B0ECAA79D,0
7B1A61FB60,0
7B26921DF3,0
7B35E34373,0
7B38CF6636,0
7B5574295A,0
7BABA3A08D,0
7BB66F4ED8,0
7BBD4133D1,0
7BCF8AB0D2,0
7BFF45EBB2,0
7C04FEA846,0
7C0F2B0C3C,0
7C12145A88,0
7C127AA469,0
7C3B85714C,0
7C4104A984,1
7C43C1618A,0
7C4972D6ED,0
7C4AD4C350,0
7C7BA0B1B5,0
7C7BDA0341,0
7C973AD5B1,0
7CA7CE4F20,0
7CDB410AB7,0
7CDC422324,0
7CE01A0E7F,0
7CE0BDD136,0
7CEE6F87E2,0
7CFFD35F24,0
7D1D2B2F65,0
7D4D8AF255,0
7D85CEBCBA,0
7DC95BF518,0
7DDFD0AFA1,0
7DF305F2FE,0
7E0212C5F8,0
7E2003EA36,0
7E2449FD70,0
7E251CEA19,0
7E4279F534,0
7E4B9FB459,0
7E5F4D6CB1,0
7E607B6B0C,0
7E76E6418D,1
7E77313E87,0
7E903F1977,0
7EA316D110,0
7EA99E5FC3,0
7EABB089B9,0
7EAC36CD6B,0
7EBAA2CDD6,1
7EBD68E021,0
7EC06C0F12,0
7ECB1F2399,0
7EF1C7BF58,0
7F07D09657,0
7F13EC456F,1
7F2AE81659,0
7F38F02BF0,0
7F54667052,0
7F790B65EA,0
7F8D56ABA3,0
7F8F9A57F1,1
7FAA0E1EC9,0
7FB4C054A6,1
7FB6EF34A3,0
7FBBE5FA1E,0
7FC656D2ED,0
7FD4D4CC2D,0
8023A62CEF,0
802A2B55D6,0
809EB38378,0
809EC11651,1
80A562AA56,1
80DA0DA852,1
80E18AC42B,
80FE15D44C,0
811F50180F,0
813A52111D,0
81480E78EB,0
81723FC4E3,0
8179245572,0
817A0065B5,0
817E3E2A3C,0
81A5818A98,0
81BEAD4074,0
81C09067E8,0
81D3A301C0,1
81D6B1DF32,0
81DBA84CA5,1
8210C22D80,0
821FDF04C0,0
822DC524DD,0
8230ABB49C,0
82328510B5,0
824D0342B8,0
8253B54DD9,1
826769CFBD,1
827B0C33A5,0
8286533181,0
828C0905CB,0
829B099521,0
82A3B4176E,0
82A3E3962F,0
82A4AF86FD,0
82A4AF86FD,0
82ABF8C60C,0
82B214A192,0
82C026E6EA,0
82C2BD3F64,0
82CDA49356,0
830D69C454,0
8317F48C83,1
8328674CEA,0
8332C86C83,0
8333E8F2F1,0
8339636460,0
83533472E9,0
8381D0626D,0
8381D0626D,0
83832202A5,0
83A3414545,0
83A57278E8,0
83B29D84B5,1
83E801D49D,0
840061B6FD,0
8414900739,0
8418FCB809,0
84255FD89A,0
8470970792,0
84B2611872,0
84B58F06EA,0
84C0482D7C,0
84C5425431,0
84D40172C6,0
84D4C03D97,0
84E5B5E404,
84E9EACEDA,0
84FBF9F524,0
851556919C,0
853327B790,0
8538CED48A,0
85857555BE,0
859FB94F98,0
85A5AE2A9B,0
85BF5B9DB8,0
85C1231815,0
85CC09F240,0
85D78C23F7,0
86199ED23D,0
866346E028,0
86699A49BF,0
8671F7600B,0
86791C4109,0
867CDDFA0C,0
86AB45A789,0
86BA0F9D81,0
86C1251EE6,1
86C85C2B65,0
86DDAA57B0,0
86DFEB0A3F,0
86F2D4F991,0
871A10835F,0
871E95D16A,0
871FDB1B7D,1
8749F52DE8,0
8749F52DE8,0
87593B6C4E,0
876ED3320F,0
8773EA3080,0
87862601C2,0
87A670FEB6,0
87AB816297,0
87BF0CE8C7,0
87DE9C0172,0
87E23E4540,0
87F19C662B,0
8809E498FF,0
88101D0495,0
88116141C7,0
882D250C46,0
8832B66E0C,0
8843494B82,0
88557C92AB,0
88AC7B72E0,1
88F2A4EE9E,0
88F4F2E1BE,1
892BFA350C,0
8945989816,0
8963882B56,0
8979ED7F7B,0
897C5B73C0,0
897D147889,0
8987754BD4,0
89ABB1437A,0
89BF8B16B5,0
89EC0A6E25,0
89FA1BEA6D,0
8A139BE804,0
8A16F75704,0
8A2F50EBFA,1
8A36A8B4FC,0
8A3A467E72,1
8A563BFF51,0
8A59BED6D2,0
8A6B191E56,0
8A70FD8BB3,0
8A809B3E44,0
8A8EC45090,1
8AB71A79B2,0
8ABDAC023D,0
8AC3A23A73,0
8B0370E9F3,0
8B131380F9,0
8B1DDFFACF,0
8B2ABA43C8,0
8B2B2B3A61,0
8B6C6ABD94,0
8B6CD70FEA,0
8B6EDC3FB6,0
8B7F7898BB,0
8B9B33B584,0
8BAD56BE10,0
8BC0169BAC,0
8BD015C0E4,0
8BD5080AB8,0
8BE9C12368,0
8BEA123CA0,0
8BEB420268,0
8C14C48611,1
8C1560BFD2,0
8C17FA3E4E,0
8C3F0DAA35,0
8C4B1B2C07,0
8C585DF0FA,0
8C7A5F18F4,0
8CAA92B8C3,0
8CB6645875,0
8CDD4D0034,0
8CE5E33BF9,0
8CFB43F46C,0
8D05AB4F85,0
8D0C05D87E,0
8D30239253,0
8D3AB6CD00,0
8D46D605B8,0
8D4920D22D,0
8D56D9B9DA,0
8D7D6BD4EE,0
8D91DCEDA6,0
8DB4C348BB,0
8DD447A3F3,0
8DDB9ED17F,0
8DFA97AC2C,0
8E062C9946,0
8E161D8915,0
8E169215F1,0
8E3B6EC62A,0
8E3F4A0679,0
8E54347261,0
8E55CC2DAA,0
8E6B276D35,0
8E80008B62,0
8E8D062676,0
8EDF9701A9,0
8EF092B98A,0
8EF65288CF,1
8F0E2DF0B7,0
8F236D669E,0
8F50860DCE,0
8F6D1513F3,1
8F6F275AB9,0
8F90C90306,0
8FA70DE6CC,0
8FAC3F019C,0
8FB4921DF7,0
8FB53F5A70,1
9004D0E8C3,0
90172B1421,0
90636D65C5,0
90A0F952E7,0
90AB5409E1,0
90E47D8AC3,0
90E794EF9B,1
90FE9B305B,0
9136323D95,0
914DDAD23B,0
915C66434A,0
915F82AAB8,0
9162F95AA0,0
9164E5BC82,0
9170ECFB27,0
9180A9350A,0
919202423D,0
91991EE447,0
91CEC92E01,0
91D803D3E3,0
91DAA89DB4,0
9215EA06C3,1
9216B9F93B,0
92836CA459,0
9285C5B3EC,0
92BB19A4DB,0
92C980F76F,1
92C9E5012B,0
9303A238B6,0
9304E90744,0
931A98EBEE,0
932A0BDBA6,0
932E7C2E44,0
934EFAEA5B,0
9362CC3BB4,0
936F61DC54,0
93749D7A88,0
93795B703B,0
93C08E0964,0
93F3D62B2A,0
940AFB3807,0
9460E90BF6,0
94674B28E0,0
94923B968E,0
94E44DED30,0
950D96F995,0
9518DB0715,0
952B355D30,0
952C98DEE5,0
9532240ADE,0
9545F7D985,0
956A4B854E,0
95A7DC7883,1
95AB04A483,0
95ADE4A3D5,0
95B6B7E350,1
95BE4A70F7,0
95CB5FA8CE,0
95D27F3E34,0
961624BFAA,0
96213E7C2C,0
9636DF1EB5,0
963C395415,0
9643A2B5A6,0
9644CD0773,0
96A5ABF5E3,0
96ACFE1C3A,0
96BCD7898D,0
96BF4CA863,0
96D7BF7B1A,0
9706508CEC,0
9725141CC0,0
97445E73C2,0
9754A9D77C,0
977B2686B2,0
978CAD15D4,0
97981AEB36,0
9799A163C8,0
97A64F3C2B,0
97B2C10BAC,1
97B4028CA5,0
97CA7DEE94,0
98255E42C7,0
986B0FAD4A,0
9878D98318,0
987A712097,0
98933ECD3A,0
98961894AD,0
9899DD637D,0
98A3F643BE,0
98BEB45A74,0
98CBCD59C9,0
98DBA6A4C3,0
98DE27C602,0
98DF905E72,0
98EA228E92,0
99174EA131,0
991A8CB501,0
9921FB53D5,0
99279C5C7E,0
99300F3E32,0
9974A974F3,0
9999C1D71B,0
99A95AFFDA,1
99B98A6266,0
99BC10EF4E,1
99D5A0F5A0,0
99D5ACA009,0
99D97FBD6B,0
9A0262C031,0
9A2CA2B39C,0
9A3DC12E25,0
9A4027B176,0
9A42933333,0
9A4E77F1E3,0
9A5AB481E9,0
9A76D3B6CC,0
9A819E5889,0
9A82CBF397,0
9A939FB978,1
9AB464D251,0
9ABD24474D,1
9AE55B4A97,0
9B0E1D0469,0
9B10136597,0
9B117BDD8C,0
9B2E9D5B1C,0
9B46AA9E08,0
9B4ADE50F2,0
9B5C185DF7,0
9B80ACFC15,0
9BAEE7B4ED,0
9BBDE3F714,0
9BBE4B7387,0
9BE7073C7D,0
9C2F353EEA,0
9C408DC047,0
9C4D90FB60,0
9C4E3A3C57,0
9CD9EE3F96,1
9CEB730C68,0
9CEC803134,0
9CEE3A8A15,0
9D0B22693D,0
9D153A1309,0
9D3A0FB0C8,1
9D3A1E43A3,0
9D49DCF047,0
9D4E5DB3D4,0
9D55248F77,0
9DA59D8C33,0
9DAAB3FC90,0
9DB9AF40C0,0
9DCFE04B6A,0
9DDE17DBDC,0
9DFEF8B885,0
9E0C933994,0
9E21E1FC53,0
9E473218E2,0
9E483718EF,0
9E4AEFD1A2,0
9E4C42B706,0
9E4CD495DF,0
9E6D966794,0
9EADC9E8A0,0
9EB72A24A8,0
9EEBD18FD3,0
9EFD2AE249,0
9EFF964158,0
9F1C0C8EC5,0
9F3FDC5A30,0
9F53E4DD09,0
9F87D61A6D,0
9F8C466280,1
9FC8421124,0
9FC8EC6C3B,0
9FCC893F72,0
9FF10E08D9,1
9FF7EB51C1,1
A0224A52DC,0
A03F926E96,0
A042F435B0,0
A04BAE35C0,0
A07A99B090,0
A0849C6DB6,0
A08873189A,0
A0B450DB70,0
A0BB2EDA6E,0
A10C21050F,0
A11CF31DB2,0
A122EA56D3,0
A14CFE4831,0
A152D2BB0E,0
A19582ACB4,0
A1AFA4A38D,0
A1E54C52B7,0
A1F72CA005,0
A1FAA62E91,0
A2194B283B,0
A22E81B531,0
A23F9A6BC3,1
A251F17701,0
A2A1EFDBE6,0
A2DAEE3B27,0
A2EB2037B8,1
A30331CB68,0
A30F455C74,0
A318C5693A,0
A322561588,0
A32DC2083C,0
A32FE68510,0
A330019A10,0
A331B5193B,0
A343C6A37F,1
A35B7732B6,0
A360F698E5,0
A370C72D58,0
A394FCF5E6,0
A398FD3757,0
A3C44AF3CD,0
A3C93C1754,0
A3ED4B3440,0
A405805765,0
A418E59217,0
A422A99DA5,1
A431312532,0
A4827B6701,0
A4851F26AA,0
A4A3649AAD,0
A4D4E3C4DE,0
A4DA09C7B2,0
A5050092F4,0
A5122A6629,0
A515052EAE,1
A51805F3ED,0
A51A590168,0
A5227F3731,1
A56A2BD08E,0
A570DEC82E,0
A57FFEC2FA,0
A59498E319,0
A5999337E9,0
A59DE9EB25,0
A5B7EB08B5,0
A5DC6F43D2,0
A6119EED55,0
A616DBE69E,0
A62B9D2D0C,1
A6448C243D,0
A646175678,0
A647F87C27,0
A688617A12,0
A69312F3EB,0
A6AC7B67CD,0
A6C77E4E2D,0
A6D77F4D69,0
A6D9569BC6,0
A6F7EC0D94,1
A6F94172DB,0
A703C98615,0
A70C6E2629,0
A70C91771F,0
A70E93E37C,0
A7127C551A,0
A7215054CB,0
A762CE12A8,0
A76E4022FE,0
A7729112A4,0
A782135543,0
A78ABA8809,0
A78F213CB1,0
A7AE90741F,0
A7D2F8E1D3,0
A7D3CEE190,0
A7D488BE27,1
A83517B656,0
A8436590AD,0
A857B93A3B,0
A85C179B71,0
A877326445,0
A8AE15C1E6,0
A8CE4E741D,0
A8F4371D7D,0
A90B4BD0E9,0
A9105BE990,0
A91332CAD2,0
A947E0B594,0
A95DC483CC,0
A96C0CB2D2,0
A98631B38A,0
A98D5EC3AB,0
A99F0E58FF,0
A9A3D08BAB,0
A9B566D8FD,0
A9C80EBDFA,0
A9E6792EDC,0
A9F6E05969,1
AA1F64E966,0
AA234D28E0,0
AA67FDC3A6,0
AA78BD56B6,0
AA9B3A24B0,0
AAB50ABACC,0
AACD64F8C9,0
AAF19BD371,0
AB0388F2E4,0
AB12B65101,0
AB3E34B863,0
AB7EC76246,0
AB7F18983F,0
ABD2B04DF8,0
AC27DF0EA8,0
AC31065A1C,0
AC325A42D3,0
AC71D6EF71,0
AC86298B35,0
AC9FC95292,0
ACCF353E8B,0
ACD2E9825C,0
AD0703EBA0,0
AD1DC741EA,0
AD2F92AD70,0
AD2FE8E06E,0
AD39D9BBDD,0
AD6342C22B,0
AD7FA5F86B,0
AD8B43DF93,0
ADB192C216,0
ADB2EA9B80,0
ADB982E9A9,0
ADC5CF1FAE,0
ADE1E90F99,0
ADE2CFFCF1,0
ADF123144D,0
AE085797D7,0
AE0A9BBC49,0
AE12F17C6C,0
AE166D2690,0
AE1BF66345,0
AE386BC2F4,0
AE573D1C53,0
AE69BC5D14,0
AEC293C2FD,0
AEC719F344,0
AED0BE7945,0
AEF42FEA6F,0
AEF9A640CD,1
AF14FD6F7A,0
AF85B0E407,1
AF9D266A03,0
AF9E24626E,0
AFC544641A,0
AFD9F2A53A,0
AFDB811F94,1
AFE0C56724,0
AFEDEA39A3,0
AFEED9E157,0
B017546699,0
B058C5597F,0
B062FA1FE5,0
B0776FC1D5,0
B0795B7BC8,0
B09A28A62B,1
B0A55A4468,0
B0C946B206,0
B0DF56F831,0
B0ED4610C6,0
B0FEA6B788,0
B107F7DDBF,0
B10AF4CB01,0
B12B39CE52,0
B14817D3A3,0
B15A4F2357,0
B1614AF6BD,0
B181206203,0
B19B907888,1
B1B5AEB191,0
B1CBA86327,0
B1D02E90EA,0
B1DEEDEC6A,0
B200494787,0
B2092C38F7,1
B20E4179A3,0
B2118FC330,0
B224AD93F2,0
B228016AE8,0
B2572A6741,0
B28C7CFCAF,0
B29346E6EB,0
B2C668AB47,0
B2DED3DC9A,0
B2F7C75ACC,0
B32AAC36F7,0
B3444BAF11,0
B3485FE56F,0
B35E8E64A4,0
B3C7A4ACA5,0
B3E083CAB4,0
B3EB95299E,0
B3F7490F62,0
B40C0D15B9,1
B41F287461,0
B43990C6DD,1
B446EA8179,0
B44DF05F8D,0
B45213BEE7,1
B465DF528F,0
B4965F5F1B,0
B4B76A4994,0
B4BCDBC1B9,0
B4FA749917,0
B51D0F1FC9,0
B5231A478A,0
B53F94879E,0
B5434F2549,0
B55FCD74A1,0
B5626ED147,0
B58672D7A7,0
B5AABC119D,0
B5B5684746,0
B5D455D485,1
B5D720E4FA,0
B5EF156EB2,0
B60C2F307C,0
B60EDFC1AA,0
B644E4CDA9,0
B64AAF6835,0
B64AAF6835,0
B65183629F,1
B65F3976F8,0
B66C5CCF3D,0
B66DD9CF29,0
B6AF2A81A3,1
B6BB6352AD,0
B6C71EAF49,0
B6EA8A20A5,0
B6F1A581BA,0
B70041C509,0
B702F68DCB,0
B735B9E2CA,1
B737AAEC22,0
B74EF802BB,0
B74F8ACCBF,0
B76DADA66F,0
B77A5168B0,0
B77D45E0FC,0
B799546BDB,0
B7A4FB66F9,0
B7B89CC197,0
B7BE226208,0
B7C26BE811,0
B7CED7AB0C,0
B7DCABFD9A,0
B7EDA7379B,0
B802D8B8B1,1
B80DD68C14,0
B817F1187F,0
B822EB29E5,0
B84B2B3269,0
B850082FAF,0
B8620886F0,0
B86B8EC915,0
B87A829B93,0
B88A199176,1
B899BC85A7,0
B8BB8AC648,0
B8D5B2DA94,1
B8DD9BB293,0
B9200B6DBB,0
B935884874,0
B94CBA415B,0
B95DC617CB,0
B99BEF4513,0
B9A2BE25FF,0
B9A782735E,0
B9D9E80D11,0
B9E30BCAF3,0
B9FBB92A07,0
B9FC86B6D4,0
BA0015413D,1
BA20F4A4EE,0
BA341B8F13,0
BA390531E4,0
BA4F541CB6,0
BA63E2B249,0
BA7A9E2FC3,0
BA86733EBD,1
BA9283B34D,0
BAA9E375E9,0
BABC2D11EC,0
BAC8C71AF2,0
BADC77DFCA,0
BAFB0B399C,0
BB2BF56260,0
BB5A779A62,0
BB7073B444,0
BB99763DD9,1
BBD02A18F3,0
BBE9D8E89C,0
BBFAD7D364,0
BC06E4C078,0
BC6EB5E198,0
BC7DACB3D9,0
BC7FBB813E,0
BC8406847C,0
BC992BE307,0
BC9F158662,0
BCB1065561,0
BCBBBD5E31,1
BCE0116218,0
BCE94DC69E,0
BD0CF34039,0
BD2554C520,0
BD3656986C,0
BD390C824F,0
BD44385E7C,0
BD5DDAEB74,0
BD61AB927E,0
BD6DE4D318,0
BD76D8980C,0
BDA18575D0,0
BDB90624A0,0
BDBC546B61,0
BDBDF35051,0
BDE96D0289,0
BE0620016D,1
BE20B5FA71,0
BE248F1FE8,0
BE35607DD2,0
BE46B01E78,0
BE4C16B644,0
BE576F61A0,0
BE8346D481,0
BE8EB1B8C5,0
BE8F02AC29,0
BE944E1D0A,0
BE95820D35,0
BEA0F0287D,0
BEB0A973BA,0
BEBEA5F342,0
BEC6C72E24,0
BEC92BF553,1
BEFBC19873,0
BF31FF362E,0
BF35D0C671,0
BF4961CD8D,0
BF5B987312,0
BF796D7B2A,0
BFA056257B,0
BFA1F12E49,0
BFABB4D6D0,0
BFBD9504E7,0
BFD8F34AB4,0
C015AB4E16,0
C02DB96DD0,0
C043B970AB,1
C04864C61E,0
C06CC7491B,1
C071DC0F00,0
C078C43675,0
C0837B3858,0
C09D5ACE3D,0
C0A832F61B,0
C0B1585589,0
C0BE4D0BCF,0
C0CDC4F754,0
C0CDC4F754,0
C0E1652E33,0
C0F511807B,0
C0F63CD5DE,0
C0F7B076DE,0
C1026578AC,0
C10B575C89,0
C11B91C8AE,0
C125703D43,0
C12B129C65,1
C139BBCA07,0
C145D3AC90,0
C14E8A9AD7,0
C15EA8D5A2,0
C1636902FE,0
C166C27E33,0
C17357AB64,0
C17C0E8910,0
C18273B43D,0
C18B59C42D,0
C18F42C66A,0
C1BDD163D6,0
C1C058DFB2,0
C1C058DFB2,0
C1C1F03A43,0
C1C2BBF00F,0
C1CE05E9A1,0
C1CFE2EA8B,0
C1EEB3BC4B,0
C2039F263D,0
C20BCA39CA,0
C221EEA66C,0
C23CA48DBD,0
C24095C8DE,1
C26CCB1641,1
C2796B7083,0
C29B2C5339,0
C2A1276A82,0
C2C0A447FC,0
C2D099B292,0
C2F497A01D,1
C308D0B810,0
C326A77415,0
C342BD8C3D,0
C34B35B106,0
C38100220C,1
C38719B83C,0
C38ABF0D91,0
C38C47CB40,0
C393328ACA,0
C3B78A705E,0
C3C7617F82,0
C3EBCEFDFE,0
C40698F5EC,0
C42C7B653E,0
C434860BFD,0
C44FFF7C7A,0
C45250F21A,0
C484210666,0
C49B7B95C4,0
C4A867F4C8,0
C4B0B493FD,0
C4C5B0D92E,0
C4DF0FBE9C,0
C4E9348BDD,0
C4EAD880F3,0
C505E2A403,0
C51969989F,1
C53F317158,0
C5483CE367,0
C5550E9652,0
C57190D82A,0
C588305A45,0
C59538E132,0
C5A3BD480E,1
C5A5E2A702,1
C5B3715214,0
C5B94ACC15,0
C5BA1A4E07,0
C5C52C50DF,0
C5C85203F7,0
C5E792D4DF,0
C5FE05B656,1
C60C158578,0
C61C0DF72E,0
C65FFF7DD1,0
C674D32D56,0
C679412F07,0
C69E932A3D,0
C6CF52F55F,0
C6EA32A18E,0
C6EDA51127,0
C6F67216FD,0
C7191B1B66,0
C726DF5010,1
C7642DFC30,0
C77D5D972F,0
C78E2526F2,0
C79FE0F389,0
C7ACC281FC,0
C7BBA747FF,0
C7BD810F39,0
C7D5A69E48,0
C7F69F148B,0
C7FBAB9F62,0
C8082977B4,1
C8394E750A,0
C84788CD6E,0
C852326070,0
C853364A18,0
C87EDD8683,0
C88C571897,0
C8EBDF8C4F,0
C8F74A5354,0
C9202698C4,0
C9253D4A04,0
C92FADDC45,0
C93E890BA1,0
C949749582,1
C97DFB2A21,0
C9971C3642,0
C9B743FAD4,0
C9E6C07769,1
CA2B65EED4,1
CA3AE72370,1
CA3F9952DF,0
CA4E416AC3,0
CA57986874,0
CACD76C2F8,0
CADC29DB4C,0
CAE6DEA318,0
CAF7CB26D5,0
CB033BD480,0
CB0DEEEB11,1
CB1F9DC486,0
CB29977F79,0
CB3ED13B43,0
CB68CBEB56,0
CB82D50FE1,0
CB85E0A7C2,0
CB99BF470B,0
CBD38BFA85,0
CBDD1E9B80,0
CC0F1744E2,0
CC207BD088,0
CC34071F6E,0
CC41DEDAEC,0
CC42535E54,0
CC4415273C,0
CC5362EA0D,0
CC8F38FD48,0
CC9227511A,0
CC9AB88086,0
CC9ADE5220,0
CCD15E07D1,0
CCF7D42116,0
CCFFE50528,0
CD207A965F,0
CD217C8343,0
CD54A07E6B,0
CD57C575FB,0
CD5AC0749E,0
CD73834611,0
CD73B2DA93,0
CD95B13C04,1
CDA17D3FCA,0
CDAB0FDD0E,0
CDAB732176,0
CDAE735108,0
CDB402BAB1,0
CDB4C9E9BD,0
CDC758A5C7,0
CDD5808BF1,0
CDD58F81C2,0
CDECB901FB,0
CDEDDAFDD0,0
CE14770DD1,0
CE156E733F,0
CE1CB99F5C,0
CE63A61789,0
CEAE6C6589,0
CEC456BEE9,0
CED3A7832E,0
CED70C8433,0
CEF6FA7025,0
CEFD1C3344,0
CF08653E20,0
CF246125AE,1
CF319096DA,0
CF5D287F5B,0
CF723997BA,0
CF73ABA16C,0
CF81423202,0
CF82F28BA4,0
CF8D443A9E,0
CF987BD1C1,0
CFA60021F1,0
CFA6153A85,1
CFAD9C2042,0
CFCC5E41B4,0
CFD2E79524,1
CFD5790D38,0
CFDA2920CB,0
CFF57666A7,0
CFF9610818,0
D025848585,1
D030B54069,0
D04198EC4E,0
D0628DA56D,0
D068540190,0
D06D7E33C5,0
D075355205,0
D077CD4CBC,0
D07D7597AE,0
D0953604F2,0
D0961EFD86,0
D0A3F67E10,0
D0AD931C06,0
D0C57C52FD,0
D0E7613448,0
D0FE3D770D,0
D10BC69FC2,0
D119FF8EC1,0
D12FAFBBE0,0
D13BF195CA,0
D14ECE4619,0
D1512B20AD,0
D156BE8EB4,0
D15E6C554E,0
D185023F97,0
D19970B950,0
D19F7B18CF,0
D1AEB0B859,0
D1DACCE19B,0
D1E5EC11B3,0
D1E5EC11B3,0
D1EF5783D2,0
D2073D2527,0
D20ABC12BB,0
D2263FD7AA,0
D231FF6DC6,0
D23D9A7A23,0
D256675CEF,0
D27281A416,0
D28F20BDFF,0
D2A81C792A,0
D2BE4A62F9,0
D2CE89D6C7,0
D2D5838FE3,0
D35778B880,0
D389A64431,0
D39AC20CDD,0
D3A42C3DE0,0
D3AE218D1A,0
D3B2A6768B,0
D3CF462BD1,0
D3CFB6E8EA,1
D3E67BBD88,0
D3E6DA97BD,0
D3F1B01F0C,0
D4158E88D3,1
D418B1AEB2,0
D418B1AEB2,0
D460124EF0,0
D48D06EA13,0
D4C0864609,1
D4C6A645E5,0
D4DAD6D5DC,0
D4DB788AF4,0
D4F724035F,0
D50330FFDE,0
D51696A935,0
D51F770426,0
D538A684D6,0
D541941678,0
D549CF5003,0
D549CF5003,0
D5798152FC,0
D57AAA9091,0
D580B579DB,0
D589F9FC74,0
D597BC2719,0
D59DE2AEC8,0
D5A6DD56B8,0
D5AD779678,0
D5E6D6FA1B,0
D5FC470A0E,1
D60A16D39D,0
D6285451B3,1
D633595978,0
D63477CEA3,0
D674DB91DE,0
D68593B603,0
D6A6776017,0
D6E0F43EE7,1
D700E408A8,0
D7087194FF,0
D70D1260CF,0
D719FBE7E4,0
D752CE305D,0
D752E65973,0
D76020945C,0
D7873D4331,0
D7B0ABFBC8,1
D7C70161DC,1
D7F0338E96,0
D8088CC18A,0
D837A08ECF,0
D87590D361,0
D87C2B256C,0
D886DCDEA1,0
D88F28ABAE,0
D89022CEAD,0
D89EFBEFA9,0
D8A9E3B18F,0
D8B9F0EF3A,0
D8E6A6A118,0
D8F78BD6AA,0
D8FA72877B,0
D94317E830,0
D965277530,0
D98EFA89BA,0
D9B866F615,0
D9D1D2F00B,1
D9D1E4010E,0
D9D48E8D1E,0
D9ECC0D2DB,0
D9F4771B72,0
D9F8AEB268,0
D9FFA542BD,0
DA0844E78A,0
DA0A0DFAB7,1
DA0E3DE6AB,0
DA1A996D7A,0
DA2B1AFC47,0
DA31B5124B,0
DA4BC69D99,0
DA77E34FE9,0
DA78C9DCF0,0
DA889E1B83,0
DA8DAEBCC0,0
DA8FD6F685,0
DB170182B7,1
DB56EB3878,0
DB679CA9D7,0
DB81042BDF,0
DB8EECCA70,0
DBA0B17667,0
DBD017F72C,0
DBEC6382C4,1
DC02273DA2,0
DC1F4BA75B,1
DC6919BD4C,0
DC745248C3,1
DC88C80F47,0
DC8C97A14B,0
DC97356CC2,0
DC9E40A07C,0
DCE31A786E,0
DCF03AB2ED,0
DD00B38900,0
DD039444EE,0
DD0ACADA7E,0
DD1EF41EE5,0
DD217D5AE7,0
DD5C45FACD,0
DD608C84C8,0
DD904B706C,0
DD9D007D79,0
DDB13A6175,0
DDD9FCF801,0
DDE8DDD653,0
DDEAD3F5F9,0
DE082D3E0E,0
DE26CE6EAF,0
DE2A1ED85D,0
DE4B093EB9,0
DEC033C3DE,0
DEC753D811,0
DEFDCD5E94,0
DF0DB32694,0
DF0F9DDD32,0
DF190977CA,1
DF2FA461D9,0
DF408BE404,0
DF6A6DD50E,0
DF70167096,0
DF764E9128,0
DF78A8ECD9,0
DF79E28D1A,0
DF893F4C4B,0
DF8E0B2CFF,0
DF966D0D89,0
DF96795852,0
DF9A12B952,0
DF9B430E70,0
DFB0EEBF27,0
DFBD8747C2,0
DFCA4ABEC0,0
E01783CAAF,1
E05CB3DE4E,0
E063089BB8,0
E07FE8CFF6,0
E087EED663,1
E08DEA273F,0
E0A04E4D34,0
E0AFD78347,0
E0BA1ADBD1,1
E0C5198F1F,0
E0C524FCFD,1
E0D5BB27AE,0
E0F6D7C452,0
E100F3F765,0
E11A491F78,0
E14B98D046,0
E175DA099A,0
E177244794,0
E1A9974673,0
E1A9CECBBB,1
E1BB1491CE,0
E1ED1EC7E1,0
E1FDD27F06,0
E22F57A538,0
E23442EC54,0
E2390483F2,0
E24680BACA,0
E2496CFAD8,0
E26E6485E6,0
E2710773BE,0
E2721895EA,0
E2A17838A9,0
E2E59FB4ED,0
E2F6A619D6,0
E3126DF3DA,0
E3358C9943,1
E33B931B12,0
E341BCB45A,0
E34EB227D9,0
E36E63EB9D,0
E37139B775,0
E37557C1B5,0
E382D5165F,0
E38FEA63E1,0
E39F901656,0
E3BC147A86,0
E3C8F3CF91,0
E3CBCA80A3,0
E3D2734752,0
E3DED35F56,0
E3EEAE968D,0
E44AB1C1FA,0
E48E6401C9,0
E4903EFEDF,0
E49A4017D8,0
E4ADFC569C,0
E4C96EE5EF,0
E4CC162918,0
E4DB4703D0,0
E4E53F481A,0
E5037DF23F,1
E50C976CA5,0
E51BD64B58,0
E53FEB2CEB,0
E5523636B5,0
E564BEB6CA,1
E56C3EE59E,0
E578E081A0,0
E57CE2D54F,0
E59B0EE3EC,0
E5A4682C36,0
E5A96BF3B7,0
E5BB5358DB,0
E5BD7F3A37,0
E5E329AA12,0
E5F340BCBD,0
E612AE2BB3,0
E628B88615,
E6524557D8,0
E655EF29C6,1
E6579CBB25,0
E65E7111B1,0
E694A83349,0
E6AB1C1E9B,0
E6D021C442,0
E6D05DF816,0
E705002859,0
E70F440AB6,0
E75EDB9BAD,1
E76DFB702B,0
E772EAA1DC,1
E796B5200D,0
E7A5A47B46,0
E7ABFE6677,0
E7B13D0F4D,0
E7B8061058,0
E7BC66B554,0
E7F4F90419,0
E7FD2E0F01,0
E7FF3A27D0,0
E80920FBFE,0
E80A7AEB3A,0
E81A8F4E5F,0
E81BC4EE3A,0
E81DCFADA8,0
E837A623CC,0
E86BDECB95,0
E8AF53AFB0,0
E8B209CD49,0
E8B9FE4801,0
E8BCB34D37,0
E8BD81C1FE,0
E8D417DFDB,0
E8D559B605,0
E8E228E7ED,0
E8E7561810,0
E91BE70DFF,0
E9251A2A4F,0
E9267FA8E9,0
E944881D4B,1
E95C8DEC36,0
E9A44B1853,0
E9A71DE9AC,0
E9C707D9A8,0
E9CD208891,1
E9CDC80B3A,0
EA20E33449,0
EA3044B826,0
EA33AFABA0,0
EA37272059,0
EA43336246,0
EA43385EC1,0
EA4433ABA5,1
EA5C429093,0
EA608B3914,0
EA6A2891A6,0
EA85C8B67E,0
EAB71C631A,0
EAD11ECDDB,0
EAD1E7839D,0
EADE1B3E15,0
EAEB4709CB,0
EAFF0B0FD7,0
EB0A1D048B,0
EB1664F546,1
EB3844B4EB,0
EB42C743D1,0
EB5E2AF35C,0
EB6477B9A1,0
EBCA962441,0
EBD73A62E7,0
EBFCFB0C0B,0
EC270E0CE2,0
EC494AB712,0
ECB6338417,0
ECCD6B3EEB,0
ECE201E2DD,0
ECE3F758C8,0
ECEDEBFFD8,0
ED1791CE2F,0
ED1A30241D,0
ED9A50A930,0
EDB5256EAA,0
EDC17F4AC6,0
EE103260DF,1
EE179CC33C,0
EE22C94AB1,0
EE279AE81B,0
EE2F3051F7,0
EE5E921C53,1
EEAC1A2CCF,0
EEBA4C823D,0
EED13B25C7,0
EEE6F1F7E9,0
EEEB5D99B5,0
EF19CFE7E4,0
EF4763E95E,0
EF4B9B7367,0
EF4C5A479A,0
EF530DF8F5,0
EF62FBADA0,1
EF80DB7818,0
EFC968E9FF,0
EFCE6BCF57,0
EFD127A143,0
EFE56503D5,0
EFECFB396D,0
EFF29A98AD,0
EFF708C55F,0
EFFF14DCCC,1
F0306E6483,0
F06208004A,0
F06BA4CA47,0
F081F28AD1,0
F08E328E0E,0
F09E49F4B4,0
F0B3C6AB89,0
F0E64C6545,0
F0E780D865,0
F11FE5EF58,0
F124EC0C75,0
F1300FFEC2,0
F13D0F42B5,0
F17201F374,0
F191CAD608,0
F1A4D6FD7D,0
F1A7720125,0
F1AA3BF821,0
F1C7BDF400,0
F1CE3A14C7,0
F1CF5617B2,0
F1F6CB0EF7,1
F231AB581C,0
F238BFB6C4,0
F24BA817CC,0
F24EC14674,0
F26EABD0EE,0
F2846D7306,0
F299D255F8,1
F2DB034CED,0
F2E5143B48,0
F2E726DBA3,0
F2F83A2BFD,0
F30C3E05FD,0
F30C669BAC,0
F319C0BB95,0
F3D1E24350,0
F3F1DCDD0F,0
F3F34CB33F,0
F3FD4AC521,0
F4034FAEE6,0
F424BD8084,0
F425EB47B2,0
F42E64B38C,0
F433E88178,0
F4383FA15A,1
F46B12490F,0
F471BA311A,0
F487979C22,0
F49ECECD09,0
F49ED2D4CD,0
F4A6ECC70A,0
F4A980CB7F,0
F4C7D1706D,0
F4D2E9E22C,0
F4E35544DB,0
F4E518B376,0
F4E518B376,0
F4E73E7B86,0
F4F23F71CC,0
F4F23F71CC,0
F50BC64013,0
F50D6769D5,0
F52C65211F,0
F5353C4745,1
F537F66C73,0
F53ED50026,0
F53F067BA4,0
F544B3B7C3,0
F55189267F,0
F561E55252,0
F56760F649,0
F57987663B,0
F581F637ED,0
F5894335BA,0
F596E1EF87,0
F599BDF8D3,0
F5D8F46893,0
F5E410AEE5,0
F6173C602F,0
F61ABB2880,0
F63964F91C,0
F66E06E853,1
F67D59D86B,0
F6BB343511,0
F6DB556C26,0
F742C78A5C,0
F758691225,0
F75B20C415,0
F75D528ACE,0
F776BF44DF,0
F77EC338A2,0
F78D080E78,0
F7A08A6793,0
F7A2DACF2B,1
F7A5D59BEA,0
F7EDDEC706,0
F8162DC5A9,0
F825154015,0
F82EF17FEC,0
F83D29AF3E,1
F8566B8D98,0
F8698DC0A9,0
F8716AE00E,0
F887B76D41,0
F88F49B925,0
F8A8C21DEF,0
F8AA5CA3BF,0
F8AB529DEE,0
F8B2E76D95,0
F8DD7C2E55,0
F8DE459E4A,0
F8FA6464EA,0
F9025D6DD8,0
F90FED8F67,0
F945878494,0
F94E0BB703,0
F94EBF0DAD,1
F95AF6DC2E,0
F9650F34AF,0
F9654FBD93,1
F9734DB09F,0
F995A4A8CB,1
F9A22F8CA0,0
FA1F677856,0
FA5AA4592C,0
FA8D45A223,0
FA9AB028EA,0
FAA183EEB9,0
FAACE80D08,0
FAB06B8D5F,0
FAB06B8D5F,0
FAC22DAABB,0
FAF63EB791,0
FAF64E6D22,0
FAF7602FA1,0
FB1A5CB7CB,0
FB321DD98C,1
FB34B91C25,0
FB62B7CB23,0
FB647B2413,0
FB6ADC8A90,0
FB9718CB1A,0
FB97927709,0
FB9B239034,0
FBCCAFFCEB,0
FBE88FB7B0,0
FBF1E3BB22,0
FC540085EC,0
FC5D618E2E,0
FC66A6C9EE,0
FC813D9750,0
FC98F4B861,0
FC9AC4F60F,1
FCDBE8F2D1,0
FCDE5FE550,0
FCE275A061,1
FCF562F6AA,0
FCF98133EB,0
FD00071C10,0
FD0F134057,0
FD1E5D30FC,0
FD51E50C1F,0
FD76A4EB15,0
FD7A6E352E,0
FD8BE4E429,0
FD9EF88953,0
FDCF85BA85,0
FDD34383D3,0
FDDB3E73A8,0
FDE3FAF452,0
FDFA9F1EBE,0
FE1385EE67,0
FE1853581F,0
FE39493277,0
FE56BCCFED,0
FE75D160C8,0
FE87B52B26,0
FEB46BF21A,1
FED6F4F999,0
FF1AADD81B,0
FF1BBB6966,0
FF279DE1A4,0
FF591802AF,0
FF6352A0D9,0
FF8FCB55FB,0
FF9663FB7A,0
FFAC316D65,0
FFBA1FAA42,0
FFC08A9BD1,0
FFC97B6D56,0
FFCCB78B66,0
FFDC7ED555,
